Timestamp_Epoch_s,Sim_Time_Myr,Core_Separation_kpc,Relative_Velocity_kms,Tidal_Strain_arb,Collision_Phase,Peak_Central_mu,Effective_Radius_kpc
1789816741.790,0.07,148.62,539.41,55.1593,1. INBOUND ORBITAL PLUNGE,31.00,15.332
1789816742.906,0.14,147.72,1002.61,55.8311,1. INBOUND ORBITAL PLUNGE,31.00,17.705
1789816743.117,0.22,146.32,1472.84,56.9073,1. INBOUND ORBITAL PLUNGE,31.00,17.705
1789816743.525,0.07,148.62,539.41,55.1593,1. INBOUND ORBITAL PLUNGE,31.00,15.332
1789816743.694,0.14,147.72,1002.61,55.8311,1. INBOUND ORBITAL PLUNGE,31.00,17.705
1789816743.854,0.22,146.32,1472.84,56.9073,1. INBOUND ORBITAL PLUNGE,31.00,17.705
1789816744.017,0.29,144.40,1953.40,58.4304,1. INBOUND ORBITAL PLUNGE,31.00,17.705
1789816744.178,0.36,141.95,2448.14,60.4644,1. INBOUND ORBITAL PLUNGE,31.00,17.705
1789816744.316,0.43,138.95,2961.52,63.1014,1. INBOUND ORBITAL PLUNGE,31.00,20.445
1789816744.466,0.50,135.38,3498.90,66.4729,1. INBOUND ORBITAL PLUNGE,31.00,20.445
1789816744.608,0.58,131.21,4066.85,70.7672,1. INBOUND ORBITAL PLUNGE,31.00,20.445
1789816744.751,0.65,126.40,4673.74,76.2589,1. INBOUND ORBITAL PLUNGE,31.00,23.609
1789816744.897,0.72,120.90,5330.56,83.3592,1. INBOUND ORBITAL PLUNGE,31.00,23.609
1789816745.050,0.79,114.64,6052.24,92.7070,1. INBOUND ORBITAL PLUNGE,31.00,23.609
1789816745.198,0.86,107.54,6859.96,105.3427,1. INBOUND ORBITAL PLUNGE,31.00,23.609
1789816745.354,0.94,99.50,7785.32,123.0696,1. INBOUND ORBITAL PLUNGE,31.00,23.609
1789816745.513,1.01,90.34,8878.40,149.2827,1. INBOUND ORBITAL PLUNGE,31.00,20.445
1789816745.654,1.08,79.84,10225.54,191.1461,1. INBOUND ORBITAL PLUNGE,31.00,20.445
1789816745.795,1.15,67.61,11994.21,266.5433,1. INBOUND ORBITAL PLUNGE,31.00,20.445
1789816745.934,1.22,52.97,14575.16,434.2939,1. INBOUND ORBITAL PLUNGE,31.00,17.705
1789816746.076,1.30,34.31,19257.19,1035.2648,1. INBOUND ORBITAL PLUNGE,31.00,17.705
1789816746.216,1.37,3.64,39037.88,92002.7072,4. APOGALACTICON TURNAROUND,22.98,15.332
1789816746.356,1.44,81.68,71160.34,182.6238,3. TIDAL TAIL EJECTION,31.00,23.609
1789816746.496,1.51,158.03,70228.02,48.7871,3. TIDAL TAIL EJECTION,31.00,41.984
1789816746.639,0.07,148.62,539.41,55.1593,1. INBOUND ORBITAL PLUNGE,31.00,15.332
1789816746.780,0.14,147.72,1002.61,55.8311,1. INBOUND ORBITAL PLUNGE,31.00,17.705
1789816746.879,0.14,147.72,1002.61,55.8311,1. INBOUND ORBITAL PLUNGE,31.00,17.705
1789816746.977,0.14,147.72,1002.61,55.8311,1. INBOUND ORBITAL PLUNGE,31.00,17.705
1789816747.080,0.14,147.72,1002.61,55.8311,1. INBOUND ORBITAL PLUNGE,31.00,17.705
1789816747.190,0.14,147.72,1002.61,55.8311,1. INBOUND ORBITAL PLUNGE,31.00,17.705
1789816747.296,0.14,147.72,1002.61,55.8311,1. INBOUND ORBITAL PLUNGE,31.00,17.705
1789816747.403,0.14,147.72,1002.61,55.8311,1. INBOUND ORBITAL PLUNGE,31.00,17.705
1789816747.508,0.14,147.72,1002.61,55.8311,1. INBOUND ORBITAL PLUNGE,31.00,17.705
1789816747.616,0.14,147.72,1002.61,55.8311,1. INBOUND ORBITAL PLUNGE,31.00,17.705
1789816747.723,0.14,147.72,1002.61,55.8311,1. INBOUND ORBITAL PLUNGE,31.00,17.705
1789816747.829,0.00,147.72,1002.61,55.8311,1. INBOUND ORBITAL PLUNGE,18.27,13.277
1789816747.940,0.00,147.72,1002.61,55.8311,1. INBOUND ORBITAL PLUNGE,18.27,13.277
1789816748.046,0.00,147.72,1002.61,55.8311,1. INBOUND ORBITAL PLUNGE,18.27,13.277
1789816748.154,0.00,147.72,1002.61,55.8311,1. INBOUND ORBITAL PLUNGE,18.27,13.277
1789816748.265,0.00,147.72,1002.61,55.8311,1. INBOUND ORBITAL PLUNGE,18.27,13.277
1789816748.374,0.00,147.72,1002.61,55.8311,1. INBOUND ORBITAL PLUNGE,18.27,13.277
1789816748.481,0.00,147.72,1002.61,55.8311,1. INBOUND ORBITAL PLUNGE,18.27,13.277
1789816748.595,0.00,147.72,1002.61,55.8311,1. INBOUND ORBITAL PLUNGE,18.27,13.277
1789816748.705,0.00,147.72,1002.61,55.8311,1. INBOUND ORBITAL PLUNGE,18.27,13.277
1789816748.815,0.00,147.72,1002.61,55.8311,1. INBOUND ORBITAL PLUNGE,18.27,13.277
1789816748.927,0.00,147.72,1002.61,55.8311,1. INBOUND ORBITAL PLUNGE,18.27,13.277
1789816749.043,0.00,147.72,1002.61,55.8311,1. INBOUND ORBITAL PLUNGE,18.27,13.277
1789816749.155,0.00,147.72,1002.61,55.8311,1. INBOUND ORBITAL PLUNGE,18.27,13.277
1789816749.286,0.00,147.72,1002.61,55.8311,1. INBOUND ORBITAL PLUNGE,18.27,13.277
1789816749.397,0.00,147.72,1002.61,55.8311,1. INBOUND ORBITAL PLUNGE,18.27,13.277
1789816749.513,0.00,147.72,1002.61,55.8311,1. INBOUND ORBITAL PLUNGE,18.27,13.277
1789816749.627,0.00,147.72,1002.61,55.8311,1. INBOUND ORBITAL PLUNGE,18.27,13.277
1789816749.747,0.00,147.72,1002.61,55.8311,1. INBOUND ORBITAL PLUNGE,18.27,13.277
1789816749.861,0.00,147.72,1002.61,55.8311,1. INBOUND ORBITAL PLUNGE,18.27,13.277
1789816749.980,0.00,147.72,1002.61,55.8311,1. INBOUND ORBITAL PLUNGE,18.27,13.277
1789816750.101,0.00,147.72,1002.61,55.8311,1. INBOUND ORBITAL PLUNGE,18.27,13.277
1789816750.217,0.00,147.72,1002.61,55.8311,1. INBOUND ORBITAL PLUNGE,18.27,13.277
1789816750.332,0.00,147.72,1002.61,55.8311,1. INBOUND ORBITAL PLUNGE,18.27,13.277
1789816750.450,0.00,147.72,1002.61,55.8311,1. INBOUND ORBITAL PLUNGE,18.27,13.277
1789816750.565,0.00,147.72,1002.61,55.8311,1. INBOUND ORBITAL PLUNGE,18.27,13.277
1789816750.680,0.00,147.72,1002.61,55.8311,1. INBOUND ORBITAL PLUNGE,18.27,13.277
1789816750.796,0.00,147.72,1002.61,55.8311,1. INBOUND ORBITAL PLUNGE,18.27,13.277
1789816750.910,0.00,147.72,1002.61,55.8311,1. INBOUND ORBITAL PLUNGE,18.27,13.277
1789816751.029,0.00,147.72,1002.61,55.8311,1. INBOUND ORBITAL PLUNGE,18.27,13.277
1789816751.144,0.00,147.72,1002.61,55.8311,1. INBOUND ORBITAL PLUNGE,18.27,13.277
1789816751.260,0.00,147.72,1002.61,55.8311,1. INBOUND ORBITAL PLUNGE,18.27,13.277
1789816751.375,0.00,147.72,1002.61,55.8311,1. INBOUND ORBITAL PLUNGE,18.27,13.277
1789816751.494,0.00,147.72,1002.61,55.8311,1. INBOUND ORBITAL PLUNGE,18.27,13.277
1789816751.610,0.00,147.72,1002.61,55.8311,1. INBOUND ORBITAL PLUNGE,18.27,13.277
1789816751.729,0.00,147.72,1002.61,55.8311,1. INBOUND ORBITAL PLUNGE,18.27,13.277
1789816751.841,0.00,147.72,1002.61,55.8311,1. INBOUND ORBITAL PLUNGE,18.27,13.277
1789816751.959,0.00,147.72,1002.61,55.8311,1. INBOUND ORBITAL PLUNGE,18.27,13.277
1789816752.075,0.00,147.72,1002.61,55.8311,1. INBOUND ORBITAL PLUNGE,18.27,13.277
1789816752.199,0.00,147.72,1002.61,55.8311,1. INBOUND ORBITAL PLUNGE,18.27,13.277
1789816752.324,0.00,147.72,1002.61,55.8311,1. INBOUND ORBITAL PLUNGE,18.27,13.277
1789816752.443,0.00,147.72,1002.61,55.8311,1. INBOUND ORBITAL PLUNGE,18.27,13.277
1789816752.557,0.00,147.72,1002.61,55.8311,1. INBOUND ORBITAL PLUNGE,18.27,13.277
1789816752.674,0.00,147.72,1002.61,55.8311,1. INBOUND ORBITAL PLUNGE,18.27,13.277
1789816752.793,0.00,147.72,1002.61,55.8311,1. INBOUND ORBITAL PLUNGE,18.27,13.277
1789816752.915,0.00,147.72,1002.61,55.8311,1. INBOUND ORBITAL PLUNGE,18.27,13.277
1789816753.029,0.00,147.72,1002.61,55.8311,1. INBOUND ORBITAL PLUNGE,18.27,13.277
1789816753.150,0.00,147.72,1002.61,55.8311,1. INBOUND ORBITAL PLUNGE,18.27,13.277
1789816753.273,0.00,147.72,1002.61,55.8311,1. INBOUND ORBITAL PLUNGE,18.27,13.277
1789816753.393,0.00,147.72,1002.61,55.8311,1. INBOUND ORBITAL PLUNGE,18.27,13.277
1789816753.512,0.00,147.72,1002.61,55.8311,1. INBOUND ORBITAL PLUNGE,18.27,13.277
1789816753.628,0.00,147.72,1002.61,55.8311,1. INBOUND ORBITAL PLUNGE,18.27,13.277
1789816753.747,0.00,147.72,1002.61,55.8311,1. INBOUND ORBITAL PLUNGE,18.27,13.277
1789816753.867,0.00,147.72,1002.61,55.8311,1. INBOUND ORBITAL PLUNGE,18.27,13.277
1789816753.994,0.00,147.72,1002.61,55.8311,1. INBOUND ORBITAL PLUNGE,18.27,13.277
1789816754.114,0.00,147.72,1002.61,55.8311,1. INBOUND ORBITAL PLUNGE,18.27,13.277
1789816754.238,0.00,147.72,1002.61,55.8311,1. INBOUND ORBITAL PLUNGE,18.27,13.277
1789816754.361,0.00,147.72,1002.61,55.8311,1. INBOUND ORBITAL PLUNGE,18.27,13.277
1789816754.479,0.00,147.72,1002.61,55.8311,1. INBOUND ORBITAL PLUNGE,18.27,13.277
1789816754.599,0.00,147.72,1002.61,55.8311,1. INBOUND ORBITAL PLUNGE,18.27,13.277
1789816754.727,0.00,147.72,1002.61,55.8311,1. INBOUND ORBITAL PLUNGE,18.27,13.277
1789816754.844,0.00,147.72,1002.61,55.8311,1. INBOUND ORBITAL PLUNGE,18.27,13.277
1789816754.962,0.00,147.72,1002.61,55.8311,1. INBOUND ORBITAL PLUNGE,18.27,13.277
1789816755.079,0.00,147.72,1002.61,55.8311,1. INBOUND ORBITAL PLUNGE,18.27,13.277
1789816755.195,0.00,147.72,1002.61,55.8311,1. INBOUND ORBITAL PLUNGE,18.27,13.277
1789816755.312,0.00,147.72,1002.61,55.8311,1. INBOUND ORBITAL PLUNGE,18.27,13.277
1789816755.432,0.00,147.72,1002.61,55.8311,1. INBOUND ORBITAL PLUNGE,18.27,13.277
1789816755.548,0.00,147.72,1002.61,55.8311,1. INBOUND ORBITAL PLUNGE,18.27,13.277
1789816755.669,0.00,147.72,1002.61,55.8311,1. INBOUND ORBITAL PLUNGE,18.27,13.277
1789816755.789,0.00,147.72,1002.61,55.8311,1. INBOUND ORBITAL PLUNGE,18.27,13.277
1789816755.909,0.00,147.72,1002.61,55.8311,1. INBOUND ORBITAL PLUNGE,18.27,13.277
1789816756.030,0.00,147.72,1002.61,55.8311,1. INBOUND ORBITAL PLUNGE,18.27,13.277
1789816756.144,0.00,147.72,1002.61,55.8311,1. INBOUND ORBITAL PLUNGE,18.27,13.277
1789816756.263,0.00,147.72,1002.61,55.8311,1. INBOUND ORBITAL PLUNGE,18.27,13.277
1789816756.383,0.00,147.72,1002.61,55.8311,1. INBOUND ORBITAL PLUNGE,18.27,13.277
1789816756.506,0.00,147.72,1002.61,55.8311,1. INBOUND ORBITAL PLUNGE,18.27,13.277
1789816756.623,0.00,147.72,1002.61,55.8311,1. INBOUND ORBITAL PLUNGE,18.27,13.277
1789816756.744,0.00,147.72,1002.61,55.8311,1. INBOUND ORBITAL PLUNGE,18.27,13.277
1789816756.867,0.00,147.72,1002.61,55.8311,1. INBOUND ORBITAL PLUNGE,18.27,13.277
1789816756.987,0.00,147.72,1002.61,55.8311,1. INBOUND ORBITAL PLUNGE,18.27,13.277
1789816757.105,0.00,147.72,1002.61,55.8311,1. INBOUND ORBITAL PLUNGE,18.27,13.277
1789816757.227,0.00,147.72,1002.61,55.8311,1. INBOUND ORBITAL PLUNGE,18.27,13.277
1789816757.350,0.00,147.72,1002.61,55.8311,1. INBOUND ORBITAL PLUNGE,18.27,13.277
1789816757.470,0.00,147.72,1002.61,55.8311,1. INBOUND ORBITAL PLUNGE,18.27,13.277
1789816757.588,0.00,147.72,1002.61,55.8311,1. INBOUND ORBITAL PLUNGE,18.27,13.277
1789816757.708,0.00,147.72,1002.61,55.8311,1. INBOUND ORBITAL PLUNGE,18.27,13.277
1789816757.831,0.00,147.72,1002.61,55.8311,1. INBOUND ORBITAL PLUNGE,18.27,13.277
1789816757.950,0.00,147.72,1002.61,55.8311,1. INBOUND ORBITAL PLUNGE,18.27,13.277
1789816758.072,0.00,147.72,1002.61,55.8311,1. INBOUND ORBITAL PLUNGE,18.27,13.277
1789816758.193,0.00,147.72,1002.61,55.8311,1. INBOUND ORBITAL PLUNGE,18.27,13.277
1789816758.312,0.00,147.72,1002.61,55.8311,1. INBOUND ORBITAL PLUNGE,18.27,13.277
1789816758.433,0.00,147.72,1002.61,55.8311,1. INBOUND ORBITAL PLUNGE,18.27,13.277
1789816758.553,0.00,147.72,1002.61,55.8311,1. INBOUND ORBITAL PLUNGE,18.27,13.277
1789816758.671,0.00,147.72,1002.61,55.8311,1. INBOUND ORBITAL PLUNGE,18.27,13.277
1789816758.792,0.00,147.72,1002.61,55.8311,1. INBOUND ORBITAL PLUNGE,18.27,13.277
1789816758.920,0.00,147.72,1002.61,55.8311,1. INBOUND ORBITAL PLUNGE,18.27,13.277
1789816759.000,0.00,147.72,1002.61,55.8311,1. INBOUND ORBITAL PLUNGE,18.27,13.277
1789816759.126,0.00,147.72,1002.61,55.8311,1. INBOUND ORBITAL PLUNGE,18.27,13.277
1789816759.247,0.00,147.72,1002.61,55.8311,1. INBOUND ORBITAL PLUNGE,18.27,13.277
1789816759.366,0.00,147.72,1002.61,55.8311,1. INBOUND ORBITAL PLUNGE,18.27,13.277
1789816759.489,0.00,147.72,1002.61,55.8311,1. INBOUND ORBITAL PLUNGE,18.27,13.277
1789816759.612,0.00,147.72,1002.61,55.8311,1. INBOUND ORBITAL PLUNGE,18.27,13.277
1789816759.733,0.00,147.72,1002.61,55.8311,1. INBOUND ORBITAL PLUNGE,18.27,13.277
1789816759.850,0.00,147.72,1002.61,55.8311,1. INBOUND ORBITAL PLUNGE,18.27,13.277
1789816759.969,0.00,147.72,1002.61,55.8311,1. INBOUND ORBITAL PLUNGE,18.27,13.277
1789816760.089,0.00,147.72,1002.61,55.8311,1. INBOUND ORBITAL PLUNGE,18.27,13.277
1789816760.209,0.00,147.72,1002.61,55.8311,1. INBOUND ORBITAL PLUNGE,18.27,13.277
1789816760.328,0.00,147.72,1002.61,55.8311,1. INBOUND ORBITAL PLUNGE,18.27,13.277
1789816760.456,0.00,147.72,1002.61,55.8311,1. INBOUND ORBITAL PLUNGE,18.27,13.277
1789816760.580,0.00,147.72,1002.61,55.8311,1. INBOUND ORBITAL PLUNGE,18.27,13.277
1789816760.703,0.00,147.72,1002.61,55.8311,1. INBOUND ORBITAL PLUNGE,18.27,13.277
1789816760.828,0.00,147.72,1002.61,55.8311,1. INBOUND ORBITAL PLUNGE,18.27,13.277
1789816760.950,0.00,147.72,1002.61,55.8311,1. INBOUND ORBITAL PLUNGE,18.27,13.277
1789816761.074,0.00,147.72,1002.61,55.8311,1. INBOUND ORBITAL PLUNGE,18.27,13.277
1789816761.194,0.00,147.72,1002.61,55.8311,1. INBOUND ORBITAL PLUNGE,18.27,13.277
1789816761.317,0.00,147.72,1002.61,55.8311,1. INBOUND ORBITAL PLUNGE,18.27,13.277
1789816761.435,0.00,147.72,1002.61,55.8311,1. INBOUND ORBITAL PLUNGE,18.27,13.277
1789816761.560,0.00,147.72,1002.61,55.8311,1. INBOUND ORBITAL PLUNGE,18.27,13.277
1789816761.681,0.00,147.72,1002.61,55.8311,1. INBOUND ORBITAL PLUNGE,18.27,13.277
1789816761.800,0.00,147.72,1002.61,55.8311,1. INBOUND ORBITAL PLUNGE,18.27,13.277
1789816761.916,0.00,147.72,1002.61,55.8311,1. INBOUND ORBITAL PLUNGE,18.27,13.277
1789816762.032,0.00,147.72,1002.61,55.8311,1. INBOUND ORBITAL PLUNGE,18.27,13.277
1789816762.148,0.00,147.72,1002.61,55.8311,1. INBOUND ORBITAL PLUNGE,18.27,13.277
1789816762.268,0.00,147.72,1002.61,55.8311,1. INBOUND ORBITAL PLUNGE,18.27,13.277
1789816762.383,0.00,147.72,1002.61,55.8311,1. INBOUND ORBITAL PLUNGE,18.27,13.277
1789816762.497,0.00,147.72,1002.61,55.8311,1. INBOUND ORBITAL PLUNGE,18.27,13.277
1789816762.613,0.00,147.72,1002.61,55.8311,1. INBOUND ORBITAL PLUNGE,18.27,13.277
1789816762.731,0.00,147.72,1002.61,55.8311,1. INBOUND ORBITAL PLUNGE,18.27,13.277
1789816762.850,0.00,147.72,1002.61,55.8311,1. INBOUND ORBITAL PLUNGE,18.27,13.277
1789816762.969,0.00,147.72,1002.61,55.8311,1. INBOUND ORBITAL PLUNGE,18.27,13.277
1789816763.089,0.00,147.72,1002.61,55.8311,1. INBOUND ORBITAL PLUNGE,18.27,13.277
1789816763.207,0.00,147.72,1002.61,55.8311,1. INBOUND ORBITAL PLUNGE,18.27,13.277
1789816763.322,0.00,147.72,1002.61,55.8311,1. INBOUND ORBITAL PLUNGE,18.27,13.277
1789816763.446,0.00,147.72,1002.61,55.8311,1. INBOUND ORBITAL PLUNGE,18.27,13.277
1789816763.566,0.00,147.72,1002.61,55.8311,1. INBOUND ORBITAL PLUNGE,18.27,13.277
1789816763.685,0.00,147.72,1002.61,55.8311,1. INBOUND ORBITAL PLUNGE,18.27,13.277
1789816763.804,0.00,147.72,1002.61,55.8311,1. INBOUND ORBITAL PLUNGE,18.27,13.277
1789816763.927,0.00,147.72,1002.61,55.8311,1. INBOUND ORBITAL PLUNGE,18.27,13.277
1789816764.047,0.00,147.72,1002.61,55.8311,1. INBOUND ORBITAL PLUNGE,18.27,13.277
1789816764.161,0.00,147.72,1002.61,55.8311,1. INBOUND ORBITAL PLUNGE,18.27,13.277
1789816764.276,0.00,147.72,1002.61,55.8311,1. INBOUND ORBITAL PLUNGE,18.27,13.277
1789816764.397,0.00,147.72,1002.61,55.8311,1. INBOUND ORBITAL PLUNGE,18.27,13.277
1789816764.513,0.00,147.72,1002.61,55.8311,1. INBOUND ORBITAL PLUNGE,18.27,13.277
1789816764.626,0.00,147.72,1002.61,55.8311,1. INBOUND ORBITAL PLUNGE,18.27,13.277
1789816764.738,0.00,147.72,1002.61,55.8311,1. INBOUND ORBITAL PLUNGE,18.27,13.277
1789816764.854,0.00,147.72,1002.61,55.8311,1. INBOUND ORBITAL PLUNGE,18.27,13.277
1789816764.966,0.00,147.72,1002.61,55.8311,1. INBOUND ORBITAL PLUNGE,18.27,13.277
1789816765.076,0.00,147.72,1002.61,55.8311,1. INBOUND ORBITAL PLUNGE,18.27,13.277
1789816765.192,0.00,147.72,1002.61,55.8311,1. INBOUND ORBITAL PLUNGE,18.27,13.277
1789816765.306,0.00,147.72,1002.61,55.8311,1. INBOUND ORBITAL PLUNGE,18.27,13.277
1789816765.419,0.00,147.72,1002.61,55.8311,1. INBOUND ORBITAL PLUNGE,18.27,13.277
1789816765.530,0.00,147.72,1002.61,55.8311,1. INBOUND ORBITAL PLUNGE,18.27,13.277
1789816765.650,0.00,147.72,1002.61,55.8311,1. INBOUND ORBITAL PLUNGE,18.27,13.277
1789816765.771,0.00,147.72,1002.61,55.8311,1. INBOUND ORBITAL PLUNGE,18.27,13.277
1789816765.887,0.00,147.72,1002.61,55.8311,1. INBOUND ORBITAL PLUNGE,18.27,13.277
1789816766.006,0.00,147.72,1002.61,55.8311,1. INBOUND ORBITAL PLUNGE,18.27,13.277
1789816766.119,0.00,147.72,1002.61,55.8311,1. INBOUND ORBITAL PLUNGE,18.27,13.277
1789816766.239,0.00,147.72,1002.61,55.8311,1. INBOUND ORBITAL PLUNGE,18.27,13.277
1789816766.357,0.00,147.72,1002.61,55.8311,1. INBOUND ORBITAL PLUNGE,18.27,13.277
1789816766.475,0.00,147.72,1002.61,55.8311,1. INBOUND ORBITAL PLUNGE,18.27,13.277
1789816766.590,0.00,147.72,1002.61,55.8311,1. INBOUND ORBITAL PLUNGE,18.27,13.277
1789816766.706,0.00,147.72,1002.61,55.8311,1. INBOUND ORBITAL PLUNGE,18.27,13.277
1789816766.823,0.00,147.72,1002.61,55.8311,1. INBOUND ORBITAL PLUNGE,18.27,13.277
1789816766.943,0.00,147.72,1002.61,55.8311,1. INBOUND ORBITAL PLUNGE,18.27,13.277
1789816767.061,0.00,147.72,1002.61,55.8311,1. INBOUND ORBITAL PLUNGE,18.27,13.277
1789816767.175,0.00,147.72,1002.61,55.8311,1. INBOUND ORBITAL PLUNGE,18.27,13.277
1789816767.297,0.00,147.72,1002.61,55.8311,1. INBOUND ORBITAL PLUNGE,18.27,13.277
1789816767.416,0.00,147.72,1002.61,55.8311,1. INBOUND ORBITAL PLUNGE,18.27,13.277
1789816767.530,0.00,147.72,1002.61,55.8311,1. INBOUND ORBITAL PLUNGE,18.27,13.277
1789816767.650,0.00,147.72,1002.61,55.8311,1. INBOUND ORBITAL PLUNGE,18.27,13.277
1789816767.767,0.00,147.72,1002.61,55.8311,1. INBOUND ORBITAL PLUNGE,18.27,13.277
1789816767.877,0.00,147.72,1002.61,55.8311,1. INBOUND ORBITAL PLUNGE,18.27,13.277
1789816767.993,0.00,147.72,1002.61,55.8311,1. INBOUND ORBITAL PLUNGE,18.27,13.277
1789816768.112,0.00,147.72,1002.61,55.8311,1. INBOUND ORBITAL PLUNGE,18.27,13.277
1789816768.233,0.00,147.72,1002.61,55.8311,1. INBOUND ORBITAL PLUNGE,18.27,13.277
1789816768.349,0.00,147.72,1002.61,55.8311,1. INBOUND ORBITAL PLUNGE,18.27,13.277
1789816768.469,0.00,147.72,1002.61,55.8311,1. INBOUND ORBITAL PLUNGE,18.27,13.277
1789816768.586,0.00,147.72,1002.61,55.8311,1. INBOUND ORBITAL PLUNGE,18.27,13.277
1789816768.703,0.00,147.72,1002.61,55.8311,1. INBOUND ORBITAL PLUNGE,18.27,13.277
1789816768.823,0.00,147.72,1002.61,55.8311,1. INBOUND ORBITAL PLUNGE,18.27,13.277
1789816768.940,0.00,147.72,1002.61,55.8311,1. INBOUND ORBITAL PLUNGE,18.27,13.277
1789816769.056,0.00,147.72,1002.61,55.8311,1. INBOUND ORBITAL PLUNGE,18.27,13.277
1789816769.177,0.00,147.72,1002.61,55.8311,1. INBOUND ORBITAL PLUNGE,18.27,13.277
1789816769.295,0.00,147.72,1002.61,55.8311,1. INBOUND ORBITAL PLUNGE,18.27,13.277
1789816769.414,0.00,147.72,1002.61,55.8311,1. INBOUND ORBITAL PLUNGE,18.27,13.277
1789816769.532,0.00,147.72,1002.61,55.8311,1. INBOUND ORBITAL PLUNGE,18.27,13.277
1789816769.650,0.00,147.72,1002.61,55.8311,1. INBOUND ORBITAL PLUNGE,18.27,13.277
1789816769.766,0.00,147.72,1002.61,55.8311,1. INBOUND ORBITAL PLUNGE,18.27,13.277
1789816769.886,0.00,147.72,1002.61,55.8311,1. INBOUND ORBITAL PLUNGE,18.27,13.277
1789816770.001,0.00,147.72,1002.61,55.8311,1. INBOUND ORBITAL PLUNGE,18.27,13.277
1789816770.116,0.00,147.72,1002.61,55.8311,1. INBOUND ORBITAL PLUNGE,18.27,13.277
1789816770.232,0.00,147.72,1002.61,55.8311,1. INBOUND ORBITAL PLUNGE,18.27,13.277
1789816770.345,0.00,147.72,1002.61,55.8311,1. INBOUND ORBITAL PLUNGE,18.27,13.277
1789816770.459,0.00,147.72,1002.61,55.8311,1. INBOUND ORBITAL PLUNGE,18.27,13.277
1789816770.577,0.00,147.72,1002.61,55.8311,1. INBOUND ORBITAL PLUNGE,18.27,13.277
1789816770.692,0.00,147.72,1002.61,55.8311,1. INBOUND ORBITAL PLUNGE,18.27,13.277
1789816770.812,0.00,147.72,1002.61,55.8311,1. INBOUND ORBITAL PLUNGE,18.27,13.277
1789816770.927,0.00,147.72,1002.61,55.8311,1. INBOUND ORBITAL PLUNGE,18.27,13.277
1789816771.044,0.00,147.72,1002.61,55.8311,1. INBOUND ORBITAL PLUNGE,18.27,13.277
1789816771.162,0.00,147.72,1002.61,55.8311,1. INBOUND ORBITAL PLUNGE,18.27,13.277
1789816771.280,0.00,147.72,1002.61,55.8311,1. INBOUND ORBITAL PLUNGE,18.27,13.277
1789816771.398,0.00,147.72,1002.61,55.8311,1. INBOUND ORBITAL PLUNGE,18.27,13.277
1789816771.518,0.00,147.72,1002.61,55.8311,1. INBOUND ORBITAL PLUNGE,18.27,13.277
1789816771.635,0.00,147.72,1002.61,55.8311,1. INBOUND ORBITAL PLUNGE,18.27,13.277
1789816771.750,0.00,147.72,1002.61,55.8311,1. INBOUND ORBITAL PLUNGE,18.27,13.277
1789816771.867,0.00,147.72,1002.61,55.8311,1. INBOUND ORBITAL PLUNGE,18.27,13.277
1789816771.981,0.00,147.72,1002.61,55.8311,1. INBOUND ORBITAL PLUNGE,18.27,13.277
1789816772.097,0.00,147.72,1002.61,55.8311,1. INBOUND ORBITAL PLUNGE,18.27,13.277
1789816772.215,0.00,147.72,1002.61,55.8311,1. INBOUND ORBITAL PLUNGE,18.27,13.277
1789816772.330,0.00,147.72,1002.61,55.8311,1. INBOUND ORBITAL PLUNGE,18.27,13.277
1789816772.447,0.00,147.72,1002.61,55.8311,1. INBOUND ORBITAL PLUNGE,18.27,13.277
1789816772.560,0.00,147.72,1002.61,55.8311,1. INBOUND ORBITAL PLUNGE,18.27,13.277
1789816772.675,0.00,147.72,1002.61,55.8311,1. INBOUND ORBITAL PLUNGE,18.27,13.277
1789816772.790,0.00,147.72,1002.61,55.8311,1. INBOUND ORBITAL PLUNGE,18.27,13.277
1789816772.907,0.00,147.72,1002.61,55.8311,1. INBOUND ORBITAL PLUNGE,18.27,13.277
1789816773.024,0.00,147.72,1002.61,55.8311,1. INBOUND ORBITAL PLUNGE,18.27,13.277
1789816773.140,0.00,147.72,1002.61,55.8311,1. INBOUND ORBITAL PLUNGE,18.27,13.277
1789816773.258,0.00,147.72,1002.61,55.8311,1. INBOUND ORBITAL PLUNGE,18.27,13.277
1789816773.374,0.00,147.72,1002.61,55.8311,1. INBOUND ORBITAL PLUNGE,18.27,13.277
1789816773.490,0.00,147.72,1002.61,55.8311,1. INBOUND ORBITAL PLUNGE,18.27,13.277
1789816773.607,0.00,147.72,1002.61,55.8311,1. INBOUND ORBITAL PLUNGE,18.27,13.277
1789816773.725,0.00,147.72,1002.61,55.8311,1. INBOUND ORBITAL PLUNGE,18.27,13.277
1789816773.842,0.00,147.72,1002.61,55.8311,1. INBOUND ORBITAL PLUNGE,18.27,13.277
1789816773.958,0.00,147.72,1002.61,55.8311,1. INBOUND ORBITAL PLUNGE,18.27,13.277
1789816774.078,0.00,147.72,1002.61,55.8311,1. INBOUND ORBITAL PLUNGE,18.27,13.277
1789816774.196,0.00,147.72,1002.61,55.8311,1. INBOUND ORBITAL PLUNGE,18.27,13.277
1789816774.313,0.00,147.72,1002.61,55.8311,1. INBOUND ORBITAL PLUNGE,18.27,13.277
1789816774.431,0.00,147.72,1002.61,55.8311,1. INBOUND ORBITAL PLUNGE,18.27,13.277
1789816774.544,0.00,147.72,1002.61,55.8311,1. INBOUND ORBITAL PLUNGE,18.27,13.277
1789816774.663,0.00,147.72,1002.61,55.8311,1. INBOUND ORBITAL PLUNGE,18.27,13.277
1789816774.781,0.00,147.72,1002.61,55.8311,1. INBOUND ORBITAL PLUNGE,18.27,13.277
1789816774.896,0.00,147.72,1002.61,55.8311,1. INBOUND ORBITAL PLUNGE,18.27,13.277
1789816775.012,0.00,147.72,1002.61,55.8311,1. INBOUND ORBITAL PLUNGE,18.27,13.277
1789816775.125,0.00,147.72,1002.61,55.8311,1. INBOUND ORBITAL PLUNGE,18.27,13.277
1789816775.240,0.00,147.72,1002.61,55.8311,1. INBOUND ORBITAL PLUNGE,18.27,13.277
1789816775.356,0.00,147.72,1002.61,55.8311,1. INBOUND ORBITAL PLUNGE,18.27,13.277
1789816775.473,0.00,147.72,1002.61,55.8311,1. INBOUND ORBITAL PLUNGE,18.27,13.277
1789816775.592,0.00,147.72,1002.61,55.8311,1. INBOUND ORBITAL PLUNGE,18.27,13.277
1789816775.709,0.00,147.72,1002.61,55.8311,1. INBOUND ORBITAL PLUNGE,18.27,13.277
1789816775.822,0.00,147.72,1002.61,55.8311,1. INBOUND ORBITAL PLUNGE,18.27,13.277
1789816775.938,0.00,147.72,1002.61,55.8311,1. INBOUND ORBITAL PLUNGE,18.27,13.277
1789816776.058,0.00,147.72,1002.61,55.8311,1. INBOUND ORBITAL PLUNGE,18.27,13.277
1789816776.175,0.00,147.72,1002.61,55.8311,1. INBOUND ORBITAL PLUNGE,18.27,13.277
1789816776.296,0.00,147.72,1002.61,55.8311,1. INBOUND ORBITAL PLUNGE,18.27,13.277
1789816776.416,0.00,147.72,1002.61,55.8311,1. INBOUND ORBITAL PLUNGE,18.27,13.277
1789816776.533,0.00,147.72,1002.61,55.8311,1. INBOUND ORBITAL PLUNGE,18.27,13.277
1789816776.648,0.00,147.72,1002.61,55.8311,1. INBOUND ORBITAL PLUNGE,18.27,13.277
1789816776.763,0.00,147.72,1002.61,55.8311,1. INBOUND ORBITAL PLUNGE,18.27,13.277
1789816776.881,0.00,147.72,1002.61,55.8311,1. INBOUND ORBITAL PLUNGE,18.27,13.277
1789816776.992,0.00,147.72,1002.61,55.8311,1. INBOUND ORBITAL PLUNGE,18.27,13.277
1789816777.108,0.00,147.72,1002.61,55.8311,1. INBOUND ORBITAL PLUNGE,18.27,13.277
1789816777.226,0.00,147.72,1002.61,55.8311,1. INBOUND ORBITAL PLUNGE,18.27,13.277
1789816777.340,0.00,147.72,1002.61,55.8311,1. INBOUND ORBITAL PLUNGE,18.27,13.277
1789816777.458,0.00,147.72,1002.61,55.8311,1. INBOUND ORBITAL PLUNGE,18.27,13.277
1789816777.575,0.00,147.72,1002.61,55.8311,1. INBOUND ORBITAL PLUNGE,18.27,13.277
1789816777.694,0.00,147.72,1002.61,55.8311,1. INBOUND ORBITAL PLUNGE,18.27,13.277
1789816777.808,0.00,147.72,1002.61,55.8311,1. INBOUND ORBITAL PLUNGE,18.27,13.277
1789816777.925,0.00,147.72,1002.61,55.8311,1. INBOUND ORBITAL PLUNGE,18.27,13.277
1789816778.045,0.00,147.72,1002.61,55.8311,1. INBOUND ORBITAL PLUNGE,18.27,13.277
1789816778.163,0.00,147.72,1002.61,55.8311,1. INBOUND ORBITAL PLUNGE,18.27,13.277
1789816778.282,0.00,147.72,1002.61,55.8311,1. INBOUND ORBITAL PLUNGE,18.27,13.277
1789816778.395,0.00,147.72,1002.61,55.8311,1. INBOUND ORBITAL PLUNGE,18.27,13.277
1789816778.515,0.00,147.72,1002.61,55.8311,1. INBOUND ORBITAL PLUNGE,18.27,13.277
1789816778.637,0.00,147.72,1002.61,55.8311,1. INBOUND ORBITAL PLUNGE,18.27,13.277
1789816778.749,0.00,147.72,1002.61,55.8311,1. INBOUND ORBITAL PLUNGE,18.27,13.277
1789816778.872,0.00,147.72,1002.61,55.8311,1. INBOUND ORBITAL PLUNGE,18.27,13.277
1789816778.993,0.00,147.72,1002.61,55.8311,1. INBOUND ORBITAL PLUNGE,18.27,13.277
1789816779.113,0.00,147.72,1002.61,55.8311,1. INBOUND ORBITAL PLUNGE,18.27,13.277
1789816779.231,0.00,147.72,1002.61,55.8311,1. INBOUND ORBITAL PLUNGE,18.27,13.277
1789816779.348,0.00,147.72,1002.61,55.8311,1. INBOUND ORBITAL PLUNGE,18.27,13.277
1789816779.463,0.00,147.72,1002.61,55.8311,1. INBOUND ORBITAL PLUNGE,18.27,13.277
1789816779.577,0.00,147.72,1002.61,55.8311,1. INBOUND ORBITAL PLUNGE,18.27,13.277
1789816779.696,0.00,147.72,1002.61,55.8311,1. INBOUND ORBITAL PLUNGE,18.27,13.277
1789816779.810,0.00,147.72,1002.61,55.8311,1. INBOUND ORBITAL PLUNGE,18.27,13.277
1789816779.925,0.00,147.72,1002.61,55.8311,1. INBOUND ORBITAL PLUNGE,18.27,13.277
1789816780.046,0.00,147.72,1002.61,55.8311,1. INBOUND ORBITAL PLUNGE,18.27,13.277
1789816780.163,0.00,147.72,1002.61,55.8311,1. INBOUND ORBITAL PLUNGE,18.27,13.277
1789816780.276,0.00,147.72,1002.61,55.8311,1. INBOUND ORBITAL PLUNGE,18.27,13.277
1789816780.393,0.00,147.72,1002.61,55.8311,1. INBOUND ORBITAL PLUNGE,18.27,13.277
1789816780.513,0.00,147.72,1002.61,55.8311,1. INBOUND ORBITAL PLUNGE,18.27,13.277
1789816780.630,0.00,147.72,1002.61,55.8311,1. INBOUND ORBITAL PLUNGE,18.27,13.277
1789816780.752,0.00,147.72,1002.61,55.8311,1. INBOUND ORBITAL PLUNGE,18.27,13.277
1789816780.874,0.00,147.72,1002.61,55.8311,1. INBOUND ORBITAL PLUNGE,18.27,13.277
1789816780.987,0.00,147.72,1002.61,55.8311,1. INBOUND ORBITAL PLUNGE,18.27,13.277
1789816781.118,0.00,147.72,1002.61,55.8311,1. INBOUND ORBITAL PLUNGE,18.27,13.277
1789816781.244,0.00,147.72,1002.61,55.8311,1. INBOUND ORBITAL PLUNGE,18.27,13.277
1789816781.355,0.00,147.72,1002.61,55.8311,1. INBOUND ORBITAL PLUNGE,18.27,13.277
1789816781.477,0.00,147.72,1002.61,55.8311,1. INBOUND ORBITAL PLUNGE,18.27,13.277
1789816781.593,0.00,147.72,1002.61,55.8311,1. INBOUND ORBITAL PLUNGE,18.27,13.277
1789816781.709,0.00,147.72,1002.61,55.8311,1. INBOUND ORBITAL PLUNGE,18.27,13.277
1789816781.830,0.00,147.72,1002.61,55.8311,1. INBOUND ORBITAL PLUNGE,18.27,13.277
1789816781.945,0.00,147.72,1002.61,55.8311,1. INBOUND ORBITAL PLUNGE,18.27,13.277
1789816782.059,0.00,147.72,1002.61,55.8311,1. INBOUND ORBITAL PLUNGE,18.27,13.277
1789816782.178,0.00,147.72,1002.61,55.8311,1. INBOUND ORBITAL PLUNGE,18.27,13.277
1789816782.295,0.00,147.72,1002.61,55.8311,1. INBOUND ORBITAL PLUNGE,18.27,13.277
1789816782.407,0.00,147.72,1002.61,55.8311,1. INBOUND ORBITAL PLUNGE,18.27,13.277
1789816782.522,0.00,147.72,1002.61,55.8311,1. INBOUND ORBITAL PLUNGE,18.27,13.277
1789816782.639,0.00,147.72,1002.61,55.8311,1. INBOUND ORBITAL PLUNGE,18.27,13.277
1789816782.747,0.00,147.72,1002.61,55.8311,1. INBOUND ORBITAL PLUNGE,18.27,13.277
1789816782.859,0.00,147.72,1002.61,55.8311,1. INBOUND ORBITAL PLUNGE,18.27,13.277
1789816782.978,0.00,147.72,1002.61,55.8311,1. INBOUND ORBITAL PLUNGE,18.27,13.277
1789816783.093,0.00,147.72,1002.61,55.8311,1. INBOUND ORBITAL PLUNGE,18.27,13.277
1789816783.214,0.00,147.72,1002.61,55.8311,1. INBOUND ORBITAL PLUNGE,18.27,13.277
1789816783.333,0.00,147.72,1002.61,55.8311,1. INBOUND ORBITAL PLUNGE,18.27,13.277
1789816783.447,0.00,147.72,1002.61,55.8311,1. INBOUND ORBITAL PLUNGE,18.27,13.277
1789816783.565,0.00,147.72,1002.61,55.8311,1. INBOUND ORBITAL PLUNGE,18.27,13.277
1789816783.682,0.00,147.72,1002.61,55.8311,1. INBOUND ORBITAL PLUNGE,18.27,13.277
1789816783.797,0.00,147.72,1002.61,55.8311,1. INBOUND ORBITAL PLUNGE,18.27,13.277
1789816783.916,0.00,147.72,1002.61,55.8311,1. INBOUND ORBITAL PLUNGE,18.27,13.277
1789816784.033,0.00,147.72,1002.61,55.8311,1. INBOUND ORBITAL PLUNGE,18.27,13.277
1789816784.149,0.00,147.72,1002.61,55.8311,1. INBOUND ORBITAL PLUNGE,18.27,13.277
1789816784.272,0.00,147.72,1002.61,55.8311,1. INBOUND ORBITAL PLUNGE,18.27,13.277
1789816784.389,0.00,147.72,1002.61,55.8311,1. INBOUND ORBITAL PLUNGE,18.27,13.277
1789816784.509,0.00,147.72,1002.61,55.8311,1. INBOUND ORBITAL PLUNGE,18.27,13.277
1789816784.627,0.00,147.72,1002.61,55.8311,1. INBOUND ORBITAL PLUNGE,18.27,13.277
1789816784.744,0.00,147.72,1002.61,55.8311,1. INBOUND ORBITAL PLUNGE,18.27,13.277
1789816784.860,0.00,147.72,1002.61,55.8311,1. INBOUND ORBITAL PLUNGE,18.27,13.277
1789816784.981,0.00,147.72,1002.61,55.8311,1. INBOUND ORBITAL PLUNGE,18.27,13.277
1789816785.096,0.00,147.72,1002.61,55.8311,1. INBOUND ORBITAL PLUNGE,18.27,13.277
1789816785.213,0.00,147.72,1002.61,55.8311,1. INBOUND ORBITAL PLUNGE,18.27,13.277
1789816785.332,0.00,147.72,1002.61,55.8311,1. INBOUND ORBITAL PLUNGE,18.27,13.277
1789816785.444,0.00,147.72,1002.61,55.8311,1. INBOUND ORBITAL PLUNGE,18.27,13.277
1789816785.558,0.00,147.72,1002.61,55.8311,1. INBOUND ORBITAL PLUNGE,18.27,13.277
1789816785.818,0.07,148.62,539.41,55.1593,1. INBOUND ORBITAL PLUNGE,31.00,15.332
1789816785.983,0.14,147.72,1002.61,55.8311,1. INBOUND ORBITAL PLUNGE,31.00,17.705
1789816786.123,0.22,146.32,1472.84,56.9073,1. INBOUND ORBITAL PLUNGE,31.00,17.705
1789816786.268,0.29,144.40,1953.40,58.4304,1. INBOUND ORBITAL PLUNGE,31.00,17.705
1789816786.405,0.36,141.95,2448.14,60.4644,1. INBOUND ORBITAL PLUNGE,31.00,17.705
1789816786.503,0.36,141.95,2448.14,60.4644,1. INBOUND ORBITAL PLUNGE,31.00,17.705
1789816786.603,0.36,141.95,2448.14,60.4644,1. INBOUND ORBITAL PLUNGE,31.00,17.705
1789816786.709,0.36,141.95,2448.14,60.4644,1. INBOUND ORBITAL PLUNGE,31.00,17.705
1789816786.813,0.36,141.95,2448.14,60.4644,1. INBOUND ORBITAL PLUNGE,31.00,17.705
1789816786.922,0.36,141.95,2448.14,60.4644,1. INBOUND ORBITAL PLUNGE,31.00,17.705
1789816787.031,0.36,141.95,2448.14,60.4644,1. INBOUND ORBITAL PLUNGE,31.00,17.705
1789816787.137,0.36,141.95,2448.14,60.4644,1. INBOUND ORBITAL PLUNGE,31.00,17.705
1789816787.247,0.36,141.95,2448.14,60.4644,1. INBOUND ORBITAL PLUNGE,31.00,17.705
1789816787.355,0.36,141.95,2448.14,60.4644,1. INBOUND ORBITAL PLUNGE,31.00,17.705
1789816787.462,0.36,141.95,2448.14,60.4644,1. INBOUND ORBITAL PLUNGE,31.00,17.705
1789816787.565,0.36,141.95,2448.14,60.4644,1. INBOUND ORBITAL PLUNGE,31.00,17.705
1789816787.674,0.36,141.95,2448.14,60.4644,1. INBOUND ORBITAL PLUNGE,31.00,17.705
1789816787.783,0.36,141.95,2448.14,60.4644,1. INBOUND ORBITAL PLUNGE,31.00,17.705
1789816787.893,0.36,141.95,2448.14,60.4644,1. INBOUND ORBITAL PLUNGE,31.00,17.705
1789816788.002,0.36,141.95,2448.14,60.4644,1. INBOUND ORBITAL PLUNGE,31.00,17.705
1789816788.109,0.36,141.95,2448.14,60.4644,1. INBOUND ORBITAL PLUNGE,31.00,17.705
1789816788.220,0.36,141.95,2448.14,60.4644,1. INBOUND ORBITAL PLUNGE,31.00,17.705
1789816788.332,0.36,141.95,2448.14,60.4644,1. INBOUND ORBITAL PLUNGE,31.00,17.705
1789816788.443,0.36,141.95,2448.14,60.4644,1. INBOUND ORBITAL PLUNGE,31.00,17.705
1789816788.549,0.36,141.95,2448.14,60.4644,1. INBOUND ORBITAL PLUNGE,31.00,17.705
1789816788.660,0.36,141.95,2448.14,60.4644,1. INBOUND ORBITAL PLUNGE,31.00,17.705
1789816788.777,0.36,141.95,2448.14,60.4644,1. INBOUND ORBITAL PLUNGE,31.00,17.705
1789816788.889,0.36,141.95,2448.14,60.4644,1. INBOUND ORBITAL PLUNGE,31.00,17.705
1789816789.006,0.36,141.95,2448.14,60.4644,1. INBOUND ORBITAL PLUNGE,31.00,17.705
1789816789.120,0.36,141.95,2448.14,60.4644,1. INBOUND ORBITAL PLUNGE,31.00,17.705
1789816789.235,0.36,141.95,2448.14,60.4644,1. INBOUND ORBITAL PLUNGE,31.00,17.705
1789816789.352,0.36,141.95,2448.14,60.4644,1. INBOUND ORBITAL PLUNGE,31.00,17.705
1789816789.475,0.36,141.95,2448.14,60.4644,1. INBOUND ORBITAL PLUNGE,31.00,17.705
1789816789.593,0.36,141.95,2448.14,60.4644,1. INBOUND ORBITAL PLUNGE,31.00,17.705
1789816789.711,0.36,141.95,2448.14,60.4644,1. INBOUND ORBITAL PLUNGE,31.00,17.705
1789816789.829,0.36,141.95,2448.14,60.4644,1. INBOUND ORBITAL PLUNGE,31.00,17.705
1789816789.945,0.36,141.95,2448.14,60.4644,1. INBOUND ORBITAL PLUNGE,31.00,17.705
1789816790.060,0.36,141.95,2448.14,60.4644,1. INBOUND ORBITAL PLUNGE,31.00,17.705
1789816790.177,0.36,141.95,2448.14,60.4644,1. INBOUND ORBITAL PLUNGE,31.00,17.705
1789816790.293,0.36,141.95,2448.14,60.4644,1. INBOUND ORBITAL PLUNGE,31.00,17.705
1789816790.411,0.36,141.95,2448.14,60.4644,1. INBOUND ORBITAL PLUNGE,31.00,17.705
1789816790.525,0.36,141.95,2448.14,60.4644,1. INBOUND ORBITAL PLUNGE,31.00,17.705
1789816790.641,0.36,141.95,2448.14,60.4644,1. INBOUND ORBITAL PLUNGE,31.00,17.705
1789816790.757,0.36,141.95,2448.14,60.4644,1. INBOUND ORBITAL PLUNGE,31.00,17.705
1789816790.869,0.36,141.95,2448.14,60.4644,1. INBOUND ORBITAL PLUNGE,31.00,17.705
1789816790.985,0.36,141.95,2448.14,60.4644,1. INBOUND ORBITAL PLUNGE,31.00,17.705
1789816791.099,0.36,141.95,2448.14,60.4644,1. INBOUND ORBITAL PLUNGE,31.00,17.705
1789816791.214,0.36,141.95,2448.14,60.4644,1. INBOUND ORBITAL PLUNGE,31.00,17.705
1789816791.330,0.36,141.95,2448.14,60.4644,1. INBOUND ORBITAL PLUNGE,31.00,17.705
1789816791.443,0.36,141.95,2448.14,60.4644,1. INBOUND ORBITAL PLUNGE,31.00,17.705
1789816791.558,0.36,141.95,2448.14,60.4644,1. INBOUND ORBITAL PLUNGE,31.00,17.705
1789816791.679,0.36,141.95,2448.14,60.4644,1. INBOUND ORBITAL PLUNGE,31.00,17.705
1789816791.793,0.36,141.95,2448.14,60.4644,1. INBOUND ORBITAL PLUNGE,31.00,17.705
1789816791.909,0.36,141.95,2448.14,60.4644,1. INBOUND ORBITAL PLUNGE,31.00,17.705
1789816792.025,0.36,141.95,2448.14,60.4644,1. INBOUND ORBITAL PLUNGE,31.00,17.705
1789816792.138,0.36,141.95,2448.14,60.4644,1. INBOUND ORBITAL PLUNGE,31.00,17.705
1789816792.252,0.36,141.95,2448.14,60.4644,1. INBOUND ORBITAL PLUNGE,31.00,17.705
1789816792.371,0.36,141.95,2448.14,60.4644,1. INBOUND ORBITAL PLUNGE,31.00,17.705
1789816792.483,0.36,141.95,2448.14,60.4644,1. INBOUND ORBITAL PLUNGE,31.00,17.705
1789816792.599,0.36,141.95,2448.14,60.4644,1. INBOUND ORBITAL PLUNGE,31.00,17.705
1789816792.712,0.36,141.95,2448.14,60.4644,1. INBOUND ORBITAL PLUNGE,31.00,17.705
1789816792.830,0.36,141.95,2448.14,60.4644,1. INBOUND ORBITAL PLUNGE,31.00,17.705
1789816792.945,0.36,141.95,2448.14,60.4644,1. INBOUND ORBITAL PLUNGE,31.00,17.705
1789816793.066,0.36,141.95,2448.14,60.4644,1. INBOUND ORBITAL PLUNGE,31.00,17.705
1789816793.179,0.36,141.95,2448.14,60.4644,1. INBOUND ORBITAL PLUNGE,31.00,17.705
1789816793.295,0.36,141.95,2448.14,60.4644,1. INBOUND ORBITAL PLUNGE,31.00,17.705
1789816793.414,0.36,141.95,2448.14,60.4644,1. INBOUND ORBITAL PLUNGE,31.00,17.705
1789816793.530,0.36,141.95,2448.14,60.4644,1. INBOUND ORBITAL PLUNGE,31.00,17.705
1789816793.681,0.36,141.95,2448.14,60.4644,1. INBOUND ORBITAL PLUNGE,31.00,17.705
1789816793.798,0.36,141.95,2448.14,60.4644,1. INBOUND ORBITAL PLUNGE,31.00,17.705
1789816793.914,0.36,141.95,2448.14,60.4644,1. INBOUND ORBITAL PLUNGE,31.00,17.705
1789816794.052,0.36,141.95,2448.14,60.4644,1. INBOUND ORBITAL PLUNGE,31.00,17.705
1789816794.194,0.36,141.95,2448.14,60.4644,1. INBOUND ORBITAL PLUNGE,31.00,17.705
1789816794.309,0.36,141.95,2448.14,60.4644,1. INBOUND ORBITAL PLUNGE,31.00,17.705
1789816794.423,0.36,141.95,2448.14,60.4644,1. INBOUND ORBITAL PLUNGE,31.00,17.705
1789816794.553,0.36,141.95,2448.14,60.4644,1. INBOUND ORBITAL PLUNGE,31.00,17.705
1789816794.673,0.36,141.95,2448.14,60.4644,1. INBOUND ORBITAL PLUNGE,31.00,17.705
1789816794.795,0.36,141.95,2448.14,60.4644,1. INBOUND ORBITAL PLUNGE,31.00,17.705
1789816794.893,0.36,141.95,2448.14,60.4644,1. INBOUND ORBITAL PLUNGE,31.00,17.705
1789816795.036,0.36,141.95,2448.14,60.4644,1. INBOUND ORBITAL PLUNGE,31.00,17.705
1789816795.187,0.36,141.95,2448.14,60.4644,1. INBOUND ORBITAL PLUNGE,31.00,17.705
1789816795.291,0.36,141.95,2448.14,60.4644,1. INBOUND ORBITAL PLUNGE,31.00,17.705
1789816795.377,0.36,141.95,2448.14,60.4644,1. INBOUND ORBITAL PLUNGE,31.00,17.705
1789816795.504,0.36,141.95,2448.14,60.4644,1. INBOUND ORBITAL PLUNGE,31.00,17.705
1789816795.636,0.36,141.95,2448.14,60.4644,1. INBOUND ORBITAL PLUNGE,31.00,17.705
1789816795.750,0.36,141.95,2448.14,60.4644,1. INBOUND ORBITAL PLUNGE,31.00,17.705
1789816795.875,0.36,141.95,2448.14,60.4644,1. INBOUND ORBITAL PLUNGE,31.00,17.705
1789816795.994,0.36,141.95,2448.14,60.4644,1. INBOUND ORBITAL PLUNGE,31.00,17.705
1789816796.113,0.36,141.95,2448.14,60.4644,1. INBOUND ORBITAL PLUNGE,31.00,17.705
1789816796.233,0.36,141.95,2448.14,60.4644,1. INBOUND ORBITAL PLUNGE,31.00,17.705
1789816796.356,0.36,141.95,2448.14,60.4644,1. INBOUND ORBITAL PLUNGE,31.00,17.705
1789816796.483,0.36,141.95,2448.14,60.4644,1. INBOUND ORBITAL PLUNGE,31.00,17.705
1789816796.605,0.36,141.95,2448.14,60.4644,1. INBOUND ORBITAL PLUNGE,31.00,17.705
1789816796.725,0.36,141.95,2448.14,60.4644,1. INBOUND ORBITAL PLUNGE,31.00,17.705
1789816796.847,0.36,141.95,2448.14,60.4644,1. INBOUND ORBITAL PLUNGE,31.00,17.705
1789816796.975,0.36,141.95,2448.14,60.4644,1. INBOUND ORBITAL PLUNGE,31.00,17.705
1789816797.095,0.36,141.95,2448.14,60.4644,1. INBOUND ORBITAL PLUNGE,31.00,17.705
1789816797.215,0.36,141.95,2448.14,60.4644,1. INBOUND ORBITAL PLUNGE,31.00,17.705
1789816797.329,0.36,141.95,2448.14,60.4644,1. INBOUND ORBITAL PLUNGE,31.00,17.705
1789816797.448,0.36,141.95,2448.14,60.4644,1. INBOUND ORBITAL PLUNGE,31.00,17.705
1789816797.563,0.36,141.95,2448.14,60.4644,1. INBOUND ORBITAL PLUNGE,31.00,17.705
1789816797.682,0.36,141.95,2448.14,60.4644,1. INBOUND ORBITAL PLUNGE,31.00,17.705
1789816797.797,0.36,141.95,2448.14,60.4644,1. INBOUND ORBITAL PLUNGE,31.00,17.705
1789816797.909,0.36,141.95,2448.14,60.4644,1. INBOUND ORBITAL PLUNGE,31.00,17.705
1789816798.037,0.36,141.95,2448.14,60.4644,1. INBOUND ORBITAL PLUNGE,31.00,17.705
1789816798.150,0.36,141.95,2448.14,60.4644,1. INBOUND ORBITAL PLUNGE,31.00,17.705
1789816798.265,0.36,141.95,2448.14,60.4644,1. INBOUND ORBITAL PLUNGE,31.00,17.705
1789816798.382,0.36,141.95,2448.14,60.4644,1. INBOUND ORBITAL PLUNGE,31.00,17.705
1789816798.506,0.36,141.95,2448.14,60.4644,1. INBOUND ORBITAL PLUNGE,31.00,17.705
1789816798.625,0.36,141.95,2448.14,60.4644,1. INBOUND ORBITAL PLUNGE,31.00,17.705
1789816798.735,0.36,141.95,2448.14,60.4644,1. INBOUND ORBITAL PLUNGE,31.00,17.705
1789816799.229,0.36,141.95,2448.14,60.4644,1. INBOUND ORBITAL PLUNGE,31.00,17.705
1789816799.521,0.36,141.95,2448.14,60.4644,1. INBOUND ORBITAL PLUNGE,31.00,17.705
1789816800.013,0.36,141.95,2448.14,60.4644,1. INBOUND ORBITAL PLUNGE,31.00,17.705
1789816800.471,0.36,141.95,2448.14,60.4644,1. INBOUND ORBITAL PLUNGE,31.00,17.705
1789816800.971,0.36,141.95,2448.14,60.4644,1. INBOUND ORBITAL PLUNGE,31.00,17.705
1789816801.218,0.36,141.95,2448.14,60.4644,1. INBOUND ORBITAL PLUNGE,31.00,17.705
1789816801.379,0.36,141.95,2448.14,60.4644,1. INBOUND ORBITAL PLUNGE,31.00,17.705
1789816801.519,0.36,141.95,2448.14,60.4644,1. INBOUND ORBITAL PLUNGE,31.00,17.705
1789816801.749,0.36,141.95,2448.14,60.4644,1. INBOUND ORBITAL PLUNGE,31.00,17.705
1789816801.843,0.36,141.95,2448.14,60.4644,1. INBOUND ORBITAL PLUNGE,31.00,17.705
1789816801.952,0.36,141.95,2448.14,60.4644,1. INBOUND ORBITAL PLUNGE,31.00,17.705
1789816802.900,0.36,141.95,2448.14,60.4644,1. INBOUND ORBITAL PLUNGE,31.00,17.705
1789816804.448,0.36,141.95,2448.14,60.4644,1. INBOUND ORBITAL PLUNGE,31.00,17.705
1789816806.100,0.36,141.95,2448.14,60.4644,1. INBOUND ORBITAL PLUNGE,31.00,17.705
1789816806.513,0.36,141.95,2448.14,60.4644,1. INBOUND ORBITAL PLUNGE,31.00,17.705
1789816806.784,0.36,141.95,2448.14,60.4644,1. INBOUND ORBITAL PLUNGE,31.00,17.705
1789816806.917,0.36,141.95,2448.14,60.4644,1. INBOUND ORBITAL PLUNGE,31.00,17.705
1789816807.315,0.36,141.95,2448.14,60.4644,1. INBOUND ORBITAL PLUNGE,31.00,17.705
1789816807.603,0.36,141.95,2448.14,60.4644,1. INBOUND ORBITAL PLUNGE,31.00,17.705
1789816808.099,0.36,141.95,2448.14,60.4644,1. INBOUND ORBITAL PLUNGE,31.00,17.705
1789816808.715,0.36,141.95,2448.14,60.4644,1. INBOUND ORBITAL PLUNGE,31.00,17.705
1789816808.848,0.36,141.95,2448.14,60.4644,1. INBOUND ORBITAL PLUNGE,31.00,17.705
1789816809.020,0.36,141.95,2448.14,60.4644,1. INBOUND ORBITAL PLUNGE,31.00,17.705
1789816809.123,0.36,141.95,2448.14,60.4644,1. INBOUND ORBITAL PLUNGE,31.00,17.705
1789816809.313,0.36,141.95,2448.14,60.4644,1. INBOUND ORBITAL PLUNGE,31.00,17.705
1789816809.940,0.36,141.95,2448.14,60.4644,1. INBOUND ORBITAL PLUNGE,31.00,17.705
1789816810.316,0.36,141.95,2448.14,60.4644,1. INBOUND ORBITAL PLUNGE,31.00,17.705
1789816810.471,0.36,141.95,2448.14,60.4644,1. INBOUND ORBITAL PLUNGE,31.00,17.705
1789816810.694,0.36,141.95,2448.14,60.4644,1. INBOUND ORBITAL PLUNGE,31.00,17.705
1789816810.980,0.36,141.95,2448.14,60.4644,1. INBOUND ORBITAL PLUNGE,31.00,17.705
1789816811.062,0.36,141.95,2448.14,60.4644,1. INBOUND ORBITAL PLUNGE,31.00,17.705
1789816811.221,0.36,141.95,2448.14,60.4644,1. INBOUND ORBITAL PLUNGE,31.00,17.705
1789816811.365,0.36,141.95,2448.14,60.4644,1. INBOUND ORBITAL PLUNGE,31.00,17.705
1789816811.684,0.36,141.95,2448.14,60.4644,1. INBOUND ORBITAL PLUNGE,31.00,17.705
1789816811.799,0.36,141.95,2448.14,60.4644,1. INBOUND ORBITAL PLUNGE,31.00,17.705
1789816812.033,0.36,141.95,2448.14,60.4644,1. INBOUND ORBITAL PLUNGE,31.00,17.705
1789816812.131,0.36,141.95,2448.14,60.4644,1. INBOUND ORBITAL PLUNGE,31.00,17.705
1789816812.301,0.36,141.95,2448.14,60.4644,1. INBOUND ORBITAL PLUNGE,31.00,17.705
1789816812.429,0.36,141.95,2448.14,60.4644,1. INBOUND ORBITAL PLUNGE,31.00,17.705
1789816812.834,0.36,141.95,2448.14,60.4644,1. INBOUND ORBITAL PLUNGE,31.00,17.705
1789816813.136,0.36,141.95,2448.14,60.4644,1. INBOUND ORBITAL PLUNGE,31.00,17.705
1789816813.289,0.36,141.95,2448.14,60.4644,1. INBOUND ORBITAL PLUNGE,31.00,17.705
1789816813.571,0.36,141.95,2448.14,60.4644,1. INBOUND ORBITAL PLUNGE,31.00,17.705
1789816813.666,0.36,141.95,2448.14,60.4644,1. INBOUND ORBITAL PLUNGE,31.00,17.705
1789816813.915,0.36,141.95,2448.14,60.4644,1. INBOUND ORBITAL PLUNGE,31.00,17.705
1789816814.070,0.36,141.95,2448.14,60.4644,1. INBOUND ORBITAL PLUNGE,31.00,17.705
1789816814.291,0.36,141.95,2448.14,60.4644,1. INBOUND ORBITAL PLUNGE,31.00,17.705
1789816814.538,0.36,141.95,2448.14,60.4644,1. INBOUND ORBITAL PLUNGE,31.00,17.705
1789816814.630,0.36,141.95,2448.14,60.4644,1. INBOUND ORBITAL PLUNGE,31.00,17.705
1789816814.927,0.36,141.95,2448.14,60.4644,1. INBOUND ORBITAL PLUNGE,31.00,17.705
1789816815.249,0.36,141.95,2448.14,60.4644,1. INBOUND ORBITAL PLUNGE,31.00,17.705
1789816815.368,0.36,141.95,2448.14,60.4644,1. INBOUND ORBITAL PLUNGE,31.00,17.705
1789816815.665,0.36,141.95,2448.14,60.4644,1. INBOUND ORBITAL PLUNGE,31.00,17.705
1789816816.003,0.36,141.95,2448.14,60.4644,1. INBOUND ORBITAL PLUNGE,31.00,17.705
1789816816.378,0.36,141.95,2448.14,60.4644,1. INBOUND ORBITAL PLUNGE,31.00,17.705
1789816816.534,0.36,141.95,2448.14,60.4644,1. INBOUND ORBITAL PLUNGE,31.00,17.705
1789816816.781,0.36,141.95,2448.14,60.4644,1. INBOUND ORBITAL PLUNGE,31.00,17.705
1789816817.120,0.36,141.95,2448.14,60.4644,1. INBOUND ORBITAL PLUNGE,31.00,17.705
1789816817.522,0.36,141.95,2448.14,60.4644,1. INBOUND ORBITAL PLUNGE,31.00,17.705
1789816817.900,0.36,141.95,2448.14,60.4644,1. INBOUND ORBITAL PLUNGE,31.00,17.705
1789816818.160,0.36,141.95,2448.14,60.4644,1. INBOUND ORBITAL PLUNGE,31.00,17.705
1789816818.332,0.36,141.95,2448.14,60.4644,1. INBOUND ORBITAL PLUNGE,31.00,17.705
1789816818.619,0.36,141.95,2448.14,60.4644,1. INBOUND ORBITAL PLUNGE,31.00,17.705
1789816818.735,0.36,141.95,2448.14,60.4644,1. INBOUND ORBITAL PLUNGE,31.00,17.705
1789816818.976,0.36,141.95,2448.14,60.4644,1. INBOUND ORBITAL PLUNGE,31.00,17.705
1789816819.230,0.36,141.95,2448.14,60.4644,1. INBOUND ORBITAL PLUNGE,31.00,17.705
1789816819.399,0.36,141.95,2448.14,60.4644,1. INBOUND ORBITAL PLUNGE,31.00,17.705
1789816819.651,0.36,141.95,2448.14,60.4644,1. INBOUND ORBITAL PLUNGE,31.00,17.705
1789816819.837,0.36,141.95,2448.14,60.4644,1. INBOUND ORBITAL PLUNGE,31.00,17.705
1789816820.033,0.36,141.95,2448.14,60.4644,1. INBOUND ORBITAL PLUNGE,31.00,17.705
1789816820.333,0.36,141.95,2448.14,60.4644,1. INBOUND ORBITAL PLUNGE,31.00,17.705
1789816820.436,0.36,141.95,2448.14,60.4644,1. INBOUND ORBITAL PLUNGE,31.00,17.705
1789816820.663,0.36,141.95,2448.14,60.4644,1. INBOUND ORBITAL PLUNGE,31.00,17.705
1789816820.749,0.36,141.95,2448.14,60.4644,1. INBOUND ORBITAL PLUNGE,31.00,17.705
1789816820.997,0.36,141.95,2448.14,60.4644,1. INBOUND ORBITAL PLUNGE,31.00,17.705
1789816821.095,0.36,141.95,2448.14,60.4644,1. INBOUND ORBITAL PLUNGE,31.00,17.705
1789816821.398,0.36,141.95,2448.14,60.4644,1. INBOUND ORBITAL PLUNGE,31.00,17.705
1789816821.522,0.36,141.95,2448.14,60.4644,1. INBOUND ORBITAL PLUNGE,31.00,17.705
1789816821.645,0.36,141.95,2448.14,60.4644,1. INBOUND ORBITAL PLUNGE,31.00,17.705
1789816821.733,0.36,141.95,2448.14,60.4644,1. INBOUND ORBITAL PLUNGE,31.00,17.705
1789816822.012,0.36,141.95,2448.14,60.4644,1. INBOUND ORBITAL PLUNGE,31.00,17.705
1789816822.562,0.36,141.95,2448.14,60.4644,1. INBOUND ORBITAL PLUNGE,31.00,17.705
1789816823.113,0.36,141.95,2448.14,60.4644,1. INBOUND ORBITAL PLUNGE,31.00,17.705
1789816823.447,0.36,141.95,2448.14,60.4644,1. INBOUND ORBITAL PLUNGE,31.00,17.705
1789816823.544,0.36,141.95,2448.14,60.4644,1. INBOUND ORBITAL PLUNGE,31.00,17.705
1789816823.862,0.36,141.95,2448.14,60.4644,1. INBOUND ORBITAL PLUNGE,31.00,17.705
1789816824.463,0.36,141.95,2448.14,60.4644,1. INBOUND ORBITAL PLUNGE,31.00,17.705
1789816824.600,0.36,141.95,2448.14,60.4644,1. INBOUND ORBITAL PLUNGE,31.00,17.705
1789816824.879,0.36,141.95,2448.14,60.4644,1. INBOUND ORBITAL PLUNGE,31.00,17.705
1789816825.202,0.36,141.95,2448.14,60.4644,1. INBOUND ORBITAL PLUNGE,31.00,17.705
1789816825.869,0.36,141.95,2448.14,60.4644,1. INBOUND ORBITAL PLUNGE,31.00,17.705
1789816825.978,0.36,141.95,2448.14,60.4644,1. INBOUND ORBITAL PLUNGE,31.00,17.705
1789816826.447,0.36,141.95,2448.14,60.4644,1. INBOUND ORBITAL PLUNGE,31.00,17.705
1789816826.637,0.36,141.95,2448.14,60.4644,1. INBOUND ORBITAL PLUNGE,31.00,17.705
1789816826.788,0.36,141.95,2448.14,60.4644,1. INBOUND ORBITAL PLUNGE,31.00,17.705
1789816827.218,0.36,141.95,2448.14,60.4644,1. INBOUND ORBITAL PLUNGE,31.00,17.705
1789816827.314,0.36,141.95,2448.14,60.4644,1. INBOUND ORBITAL PLUNGE,31.00,17.705
1789816827.533,0.36,141.95,2448.14,60.4644,1. INBOUND ORBITAL PLUNGE,31.00,17.705
1789816827.638,0.36,141.95,2448.14,60.4644,1. INBOUND ORBITAL PLUNGE,31.00,17.705
1789816827.931,0.36,141.95,2448.14,60.4644,1. INBOUND ORBITAL PLUNGE,31.00,17.705
1789816828.203,0.36,141.95,2448.14,60.4644,1. INBOUND ORBITAL PLUNGE,31.00,17.705
1789816828.318,0.36,141.95,2448.14,60.4644,1. INBOUND ORBITAL PLUNGE,31.00,17.705
1789816828.547,0.36,141.95,2448.14,60.4644,1. INBOUND ORBITAL PLUNGE,31.00,17.705
1789816828.664,0.36,141.95,2448.14,60.4644,1. INBOUND ORBITAL PLUNGE,31.00,17.705
1789816828.916,0.36,141.95,2448.14,60.4644,1. INBOUND ORBITAL PLUNGE,31.00,17.705
1789816829.055,0.36,141.95,2448.14,60.4644,1. INBOUND ORBITAL PLUNGE,31.00,17.705
1789816829.299,0.36,141.95,2448.14,60.4644,1. INBOUND ORBITAL PLUNGE,31.00,17.705
1789816829.547,0.36,141.95,2448.14,60.4644,1. INBOUND ORBITAL PLUNGE,31.00,17.705
1789816829.649,0.36,141.95,2448.14,60.4644,1. INBOUND ORBITAL PLUNGE,31.00,17.705
1789816829.925,0.36,141.95,2448.14,60.4644,1. INBOUND ORBITAL PLUNGE,31.00,17.705
1789816830.167,0.36,141.95,2448.14,60.4644,1. INBOUND ORBITAL PLUNGE,31.00,17.705
1789816830.411,0.36,141.95,2448.14,60.4644,1. INBOUND ORBITAL PLUNGE,31.00,17.705
1789816830.738,0.36,141.95,2448.14,60.4644,1. INBOUND ORBITAL PLUNGE,31.00,17.705
1789816832.233,0.36,141.95,2448.14,60.4644,1. INBOUND ORBITAL PLUNGE,31.00,17.705
1789816832.903,0.36,141.95,2448.14,60.4644,1. INBOUND ORBITAL PLUNGE,31.00,17.705
1789816833.145,0.36,141.95,2448.14,60.4644,1. INBOUND ORBITAL PLUNGE,31.00,17.705
1789816833.654,0.36,141.95,2448.14,60.4644,1. INBOUND ORBITAL PLUNGE,31.00,17.705
1789816834.047,0.36,141.95,2448.14,60.4644,1. INBOUND ORBITAL PLUNGE,31.00,17.705
1789816834.171,0.36,141.95,2448.14,60.4644,1. INBOUND ORBITAL PLUNGE,31.00,17.705
1789816834.409,0.36,141.95,2448.14,60.4644,1. INBOUND ORBITAL PLUNGE,31.00,17.705
1789816834.714,0.36,141.95,2448.14,60.4644,1. INBOUND ORBITAL PLUNGE,31.00,17.705
1789816835.131,0.36,141.95,2448.14,60.4644,1. INBOUND ORBITAL PLUNGE,31.00,17.705
1789816835.235,0.36,141.95,2448.14,60.4644,1. INBOUND ORBITAL PLUNGE,31.00,17.705
1789816835.452,0.36,141.95,2448.14,60.4644,1. INBOUND ORBITAL PLUNGE,31.00,17.705
1789816835.538,0.36,141.95,2448.14,60.4644,1. INBOUND ORBITAL PLUNGE,31.00,17.705
1789816835.804,0.36,141.95,2448.14,60.4644,1. INBOUND ORBITAL PLUNGE,31.00,17.705
1789816835.983,0.36,141.95,2448.14,60.4644,1. INBOUND ORBITAL PLUNGE,31.00,17.705
1789816836.170,0.36,141.95,2448.14,60.4644,1. INBOUND ORBITAL PLUNGE,31.00,17.705
1789816836.420,0.36,141.95,2448.14,60.4644,1. INBOUND ORBITAL PLUNGE,31.00,17.705
1789816836.536,0.36,141.95,2448.14,60.4644,1. INBOUND ORBITAL PLUNGE,31.00,17.705
1789816836.781,0.36,141.95,2448.14,60.4644,1. INBOUND ORBITAL PLUNGE,31.00,17.705
1789816836.883,0.36,141.95,2448.14,60.4644,1. INBOUND ORBITAL PLUNGE,31.00,17.705
1789816837.145,0.36,141.95,2448.14,60.4644,1. INBOUND ORBITAL PLUNGE,31.00,17.705
1789816837.468,0.36,141.95,2448.14,60.4644,1. INBOUND ORBITAL PLUNGE,31.00,17.705
1789816837.581,0.36,141.95,2448.14,60.4644,1. INBOUND ORBITAL PLUNGE,31.00,17.705
1789816837.768,0.36,141.95,2448.14,60.4644,1. INBOUND ORBITAL PLUNGE,31.00,17.705
1789816837.866,0.36,141.95,2448.14,60.4644,1. INBOUND ORBITAL PLUNGE,31.00,17.705
1789816838.085,0.36,141.95,2448.14,60.4644,1. INBOUND ORBITAL PLUNGE,31.00,17.705
1789816838.220,0.36,141.95,2448.14,60.4644,1. INBOUND ORBITAL PLUNGE,31.00,17.705
1789816838.333,0.36,141.95,2448.14,60.4644,1. INBOUND ORBITAL PLUNGE,31.00,17.705
1789816838.597,0.36,141.95,2448.14,60.4644,1. INBOUND ORBITAL PLUNGE,31.00,17.705
1789816838.713,0.36,141.95,2448.14,60.4644,1. INBOUND ORBITAL PLUNGE,31.00,17.705
1789816838.882,0.36,141.95,2448.14,60.4644,1. INBOUND ORBITAL PLUNGE,31.00,17.705
1789816839.033,0.36,141.95,2448.14,60.4644,1. INBOUND ORBITAL PLUNGE,31.00,17.705
1789816839.665,0.36,141.95,2448.14,60.4644,1. INBOUND ORBITAL PLUNGE,31.00,17.705
1789816839.850,0.36,141.95,2448.14,60.4644,1. INBOUND ORBITAL PLUNGE,31.00,17.705
1789816839.980,0.36,141.95,2448.14,60.4644,1. INBOUND ORBITAL PLUNGE,31.00,17.705
1789816840.100,0.36,141.95,2448.14,60.4644,1. INBOUND ORBITAL PLUNGE,31.00,17.705
1789816840.253,0.36,141.95,2448.14,60.4644,1. INBOUND ORBITAL PLUNGE,31.00,17.705
1789816840.348,0.36,141.95,2448.14,60.4644,1. INBOUND ORBITAL PLUNGE,31.00,17.705
1789816840.469,0.36,141.95,2448.14,60.4644,1. INBOUND ORBITAL PLUNGE,31.00,17.705
1789816840.568,0.36,141.95,2448.14,60.4644,1. INBOUND ORBITAL PLUNGE,31.00,17.705
1789816840.814,0.36,141.95,2448.14,60.4644,1. INBOUND ORBITAL PLUNGE,31.00,17.705
1789816840.904,0.36,141.95,2448.14,60.4644,1. INBOUND ORBITAL PLUNGE,31.00,17.705
1789816841.143,0.36,141.95,2448.14,60.4644,1. INBOUND ORBITAL PLUNGE,31.00,17.705
1789816841.234,0.36,141.95,2448.14,60.4644,1. INBOUND ORBITAL PLUNGE,31.00,17.705
1789816841.486,0.36,141.95,2448.14,60.4644,1. INBOUND ORBITAL PLUNGE,31.00,17.705
1789816841.571,0.36,141.95,2448.14,60.4644,1. INBOUND ORBITAL PLUNGE,31.00,17.705
1789816841.804,0.36,141.95,2448.14,60.4644,1. INBOUND ORBITAL PLUNGE,31.00,17.705
1789816841.917,0.36,141.95,2448.14,60.4644,1. INBOUND ORBITAL PLUNGE,31.00,17.705
1789816842.164,0.36,141.95,2448.14,60.4644,1. INBOUND ORBITAL PLUNGE,31.00,17.705
1789816842.431,0.36,141.95,2448.14,60.4644,1. INBOUND ORBITAL PLUNGE,31.00,17.705
1789816842.532,0.36,141.95,2448.14,60.4644,1. INBOUND ORBITAL PLUNGE,31.00,17.705
1789816842.763,0.36,141.95,2448.14,60.4644,1. INBOUND ORBITAL PLUNGE,31.00,17.705
1789816843.072,0.36,141.95,2448.14,60.4644,1. INBOUND ORBITAL PLUNGE,31.00,17.705
1789816843.171,0.36,141.95,2448.14,60.4644,1. INBOUND ORBITAL PLUNGE,31.00,17.705
1789816843.459,0.36,141.95,2448.14,60.4644,1. INBOUND ORBITAL PLUNGE,31.00,17.705
1789816843.563,0.36,141.95,2448.14,60.4644,1. INBOUND ORBITAL PLUNGE,31.00,17.705
1789816843.720,0.36,141.95,2448.14,60.4644,1. INBOUND ORBITAL PLUNGE,31.00,17.705
1789816843.822,0.36,141.95,2448.14,60.4644,1. INBOUND ORBITAL PLUNGE,31.00,17.705
1789816844.114,0.36,141.95,2448.14,60.4644,1. INBOUND ORBITAL PLUNGE,31.00,17.705
1789816844.229,0.36,141.95,2448.14,60.4644,1. INBOUND ORBITAL PLUNGE,31.00,17.705
1789816844.413,0.36,141.95,2448.14,60.4644,1. INBOUND ORBITAL PLUNGE,31.00,17.705
1789816844.688,0.36,141.95,2448.14,60.4644,1. INBOUND ORBITAL PLUNGE,31.00,17.705
1789816844.772,0.36,141.95,2448.14,60.4644,1. INBOUND ORBITAL PLUNGE,31.00,17.705
1789816845.116,0.36,141.95,2448.14,60.4644,1. INBOUND ORBITAL PLUNGE,31.00,17.705
1789816845.235,0.36,141.95,2448.14,60.4644,1. INBOUND ORBITAL PLUNGE,31.00,17.705
1789816845.431,0.36,141.95,2448.14,60.4644,1. INBOUND ORBITAL PLUNGE,31.00,17.705
1789816845.535,0.36,141.95,2448.14,60.4644,1. INBOUND ORBITAL PLUNGE,31.00,17.705
1789816845.787,0.36,141.95,2448.14,60.4644,1. INBOUND ORBITAL PLUNGE,31.00,17.705
1789816845.965,0.36,141.95,2448.14,60.4644,1. INBOUND ORBITAL PLUNGE,31.00,17.705
1789816846.182,0.36,141.95,2448.14,60.4644,1. INBOUND ORBITAL PLUNGE,31.00,17.705
1789816846.367,0.36,141.95,2448.14,60.4644,1. INBOUND ORBITAL PLUNGE,31.00,17.705
1789816846.547,0.36,141.95,2448.14,60.4644,1. INBOUND ORBITAL PLUNGE,31.00,17.705
1789816847.434,0.36,141.95,2448.14,60.4644,1. INBOUND ORBITAL PLUNGE,31.00,17.705
1789816847.933,0.36,141.95,2448.14,60.4644,1. INBOUND ORBITAL PLUNGE,31.00,17.705
1789816848.052,0.36,141.95,2448.14,60.4644,1. INBOUND ORBITAL PLUNGE,31.00,17.705
1789816848.182,0.36,141.95,2448.14,60.4644,1. INBOUND ORBITAL PLUNGE,31.00,17.705
1789816848.306,0.36,141.95,2448.14,60.4644,1. INBOUND ORBITAL PLUNGE,31.00,17.705
1789816848.432,0.36,141.95,2448.14,60.4644,1. INBOUND ORBITAL PLUNGE,31.00,17.705
1789816848.555,0.36,141.95,2448.14,60.4644,1. INBOUND ORBITAL PLUNGE,31.00,17.705
1789816848.673,0.36,141.95,2448.14,60.4644,1. INBOUND ORBITAL PLUNGE,31.00,17.705
1789816848.790,0.36,141.95,2448.14,60.4644,1. INBOUND ORBITAL PLUNGE,31.00,17.705
1789816848.909,0.36,141.95,2448.14,60.4644,1. INBOUND ORBITAL PLUNGE,31.00,17.705
1789816849.029,0.36,141.95,2448.14,60.4644,1. INBOUND ORBITAL PLUNGE,31.00,17.705
1789816849.150,0.36,141.95,2448.14,60.4644,1. INBOUND ORBITAL PLUNGE,31.00,17.705
1789816849.273,0.36,141.95,2448.14,60.4644,1. INBOUND ORBITAL PLUNGE,31.00,17.705
1789816849.393,0.36,141.95,2448.14,60.4644,1. INBOUND ORBITAL PLUNGE,31.00,17.705
